{"Bleu_1": 0.6196776652823336, "Bleu_2": 0.40878393406610525, "Bleu_3": 0.27242454678315364, "Bleu_4": 0.18059172930425307, "METEOR": 0.2629751890284532, "ROUGE_L": 0.5607702116334469, "CIDEr": 1.3832642921756397}