{"Bleu_1": 0.5618832683775531, "Bleu_2": 0.37275216844634457, "Bleu_3": 0.2456442373865407, "Bleu_4": 0.16539255464208333, "METEOR": 0.2113859477343319, "ROUGE_L": 0.4843472416659631, "CIDEr": 0.8635031155409253}